<?xml version="1.0" encoding="ISO-8859-15"?>
<uc-export clientvers="12.0.1+build.8663">
<FolderStruct>
<includeExternalObjects>0</includeExternalObjects>
<FOLD name="PCK.PSL_AUTOMIC.SQLCMD" title="">
<VARA id="1893644" link="0" name="PCK.PSL_AUTOMIC.SQLCMD.PUB.VAR.METADATA"/>
<FOLD name="ACTIONS" title="">
<FOLD name="DATABASE" title="">
<FOLD name="MSSQL" title="">
<JOBP id="1893658" link="1" name="PCK.PSL_AUTOMIC.SQLCMD.PUB.ACTION.SQLCMD_EXECUTE_SQL_SCRIPT"/>
</FOLD>
</FOLD>
</FOLD>
<FOLD name="CONFIG" title="">
<VARA id="1893645" link="0" name="PCK.PSL_AUTOMIC.SQLCMD.PUB.PROMPT_EXTERNAL_MAP"/>
</FOLD>
<FOLD name="DOCUMENTATION" title="">
<DOCU id="1893646" link="0" name="PCK.PSL_AUTOMIC.SQLCMD.PUB.DOC"/>
<DOCU id="1893647" link="0" name="PCK.PSL_AUTOMIC.SQLCMD.PUB.LICENSES"/>
</FOLD>
<FOLD name="RESOURCES" title="">
<FOLD name="INTERPRETERS" title=""/>
<FOLD name="LIBS" title=""/>
<FOLD name="SCRIPTS" title=""/>
</FOLD>
<FOLD name="SOURCE" title="">
<FOLD name="SQLCMD_EXECUTE_SQL_SCRIPT" title="">
<JOBP id="1893658" link="0" name="PCK.PSL_AUTOMIC.SQLCMD.PUB.ACTION.SQLCMD_EXECUTE_SQL_SCRIPT"/>
<FOLD name="INTERNAL" title="">
<FOLD name="INCLUDES" title=""/>
<FOLD name="JOBS" title="">
<JOBS_UNIX id="1893659" link="0" name="PCK.PSL_AUTOMIC.SQLCMD.PRV.JOB.SQLCMD_EXECUTE_SQL_SCRIPT@UNIX"/>
<JOBS_WINDOWS id="1893660" link="0" name="PCK.PSL_AUTOMIC.SQLCMD.PRV.JOB.SQLCMD_EXECUTE_SQL_SCRIPT@WINDOWS"/>
</FOLD>
<FOLD name="PROMPTSETS" title="">
<PRPT id="1893661" link="0" name="PCK.PSL_AUTOMIC.SQLCMD.PRV.PROMPTSET.SQLCMD_EXECUTE_SQL_SCRIPT"/>
<PRPT id="1893670" link="0" name="PCK.PSL_AUTOMIC.SQLCMD.PRV.PROMPTSET.SQLCMD_CONNECTION"/>
</FOLD>
<FOLD name="ROLLBACK" title=""/>
<FOLD name="VARIABLES" title=""/>
</FOLD>
</FOLD>
</FOLD>
<FOLD name="TEMPLATES" title=""/>
</FOLD>
</FolderStruct>
<VARA OVD_VRName="FREI" data_type="STATIC" name="PCK.PSL_AUTOMIC.SQLCMD.PUB.VAR.METADATA" replacementmode="2">
<HEADER state="1">
<Title/>
<ArchiveKey1/>
<ArchiveKey2/>
<OH_SubType>STATIC</OH_SubType>
</HEADER>
<ATTR_VARA state="1">
<Type>C|Text</Type>
<lblSource>Static</lblSource>
<source>STATIC</source>
<VRName>FREI|Freely selected</VRName>
<NotFoundErr>0</NotFoundErr>
<NotFoundDef>1</NotFoundDef>
<ShareN>0</ShareN>
<ShareL>0</ShareL>
<ShareR>0</ShareR>
<MaxValue_C>1024</MaxValue_C>
<CheckMax_C>0</CheckMax_C>
<uppercase>0</uppercase>
<sortColumn>0</sortColumn>
<sortDirection>0</sortDirection>
</ATTR_VARA>
<VARA state="1">
<Variables>
<row Name="Categories" Value="" Value1="" Value2="" Value3="" Value4=""/>
<row Name="Company" Value="Automic Presales" Value1="" Value2="" Value3="" Value4=""/>
<row Name="Dependencies" Value="PCK.ITPA_SHARED ~&gt; 1.1" Value1="" Value2="" Value3="" Value4=""/>
<row Name="Description" Value="" Value1="" Value2="" Value3="" Value4=""/>
<row Name="Homepage" Value="www.automic.com" Value1="" Value2="" Value3="" Value4=""/>
<row Name="License" Value="" Value1="" Value2="" Value3="" Value4=""/>
<row Name="Name" Value="PCK.PSL_AUTOMIC.SQLCMD" Value1="" Value2="" Value3="" Value4=""/>
<row Name="Package Format Version" Value="0.3.0" Value1="" Value2="" Value3="" Value4=""/>
<row Name="Title" Value="sqlcmd Microsoft SQL Server Command Line Tool" Value1="" Value2="" Value3="" Value4=""/>
<row Name="Version" Value="1.0.0" Value1="" Value2="" Value3="" Value4=""/>
</Variables>
</VARA>
<DOCU_Docu state="1" type="text">
<DOC/>
</DOCU_Docu>
</VARA>
<VARA OVD_VRName="FREI" data_type="STATIC" name="PCK.PSL_AUTOMIC.SQLCMD.PUB.PROMPT_EXTERNAL_MAP" replacementmode="2">
<HEADER state="1">
<Title/>
<ArchiveKey1/>
<ArchiveKey2/>
<OH_SubType>STATIC</OH_SubType>
</HEADER>
<ATTR_VARA state="1">
<Type>C|Text</Type>
<lblSource>Static</lblSource>
<source>STATIC</source>
<VRName>FREI|Freely selected</VRName>
<NotFoundErr>0</NotFoundErr>
<NotFoundDef>1</NotFoundDef>
<ShareN>0</ShareN>
<ShareL>0</ShareL>
<ShareR>0</ShareR>
<MaxValue_C>1024</MaxValue_C>
<CheckMax_C>0</CheckMax_C>
<uppercase>0</uppercase>
<sortColumn>0</sortColumn>
<sortDirection>0</sortDirection>
</ATTR_VARA>
<VARA state="1">
<Variables>
<row Name="PCK.PSL_AUTOMIC.SQLCMD.PUB.ACTION.SQLCMD_EXECUTE_SQL_SCRIPT/AGENT#" Value="&amp;AGENT#" Value1="" Value2="" Value3="" Value4=""/>
<row Name="PCK.PSL_AUTOMIC.SQLCMD.PUB.ACTION.SQLCMD_EXECUTE_SQL_SCRIPT/LOGIN#" Value="&amp;LOGIN#" Value1="" Value2="" Value3="" Value4=""/>
</Variables>
</VARA>
<DOCU_Docu state="1" type="text">
<DOC/>
</DOCU_Docu>
</VARA>
<DOCU name="PCK.PSL_AUTOMIC.SQLCMD.PUB.DOC">
<HEADER state="1">
<Title>Pack Documentation</Title>
<ArchiveKey1/>
<ArchiveKey2/>
<OH_SubType/>
</HEADER>
<DOCU_Docu state="1" type="text">
<DOC/>
</DOCU_Docu>
</DOCU>
<DOCU name="PCK.PSL_AUTOMIC.SQLCMD.PUB.LICENSES">
<HEADER state="1">
<Title/>
<ArchiveKey1/>
<ArchiveKey2/>
<OH_SubType/>
</HEADER>
<DOCU_Docu state="1" type="text">
<DOC/>
</DOCU_Docu>
</DOCU>
<JOBP AllowExternal="1" name="PCK.PSL_AUTOMIC.SQLCMD.PUB.ACTION.SQLCMD_EXECUTE_SQL_SCRIPT">
<XHEADER state="1">
<Title>sqlcmd Execute SQL script</Title>
<ArchiveKey1/>
<ArchiveKey2/>
<Active>1</Active>
<OH_SubType/>
<CustomAttributes KeyListID="0" dataRequestID="0"/>
</XHEADER>
<SYNCREF state="1">
<Syncs/>
</SYNCREF>
<ATTR_JOBP state="1">
<Queue>CLIENT_QUEUE</Queue>
<ChildQueue>*OWN</ChildQueue>
<StartType/>
<ExtRepDef>1</ExtRepDef>
<ExtRepAll>0</ExtRepAll>
<ExtRepNone>0</ExtRepNone>
<IntAccount/>
<AutoDeactNo>0</AutoDeactNo>
<AutoDeact1ErrorFree>0</AutoDeact1ErrorFree>
<AutoDeactErrorFree>1</AutoDeactErrorFree>
<DeactWhen>ANY_OK</DeactWhen>
<AutoDeactAlways>0</AutoDeactAlways>
<DeactDelay>0</DeactDelay>
<ActAtRun>1</ActAtRun>
<UC4Priority>0</UC4Priority>
<PassPriority>0</PassPriority>
<MaxParallel2>0</MaxParallel2>
<ReuseHG>1</ReuseHG>
<MpElse1>1</MpElse1>
<MpElse2>0</MpElse2>
<TZ/>
<RWhen/>
<RExecute/>
<JPA_SubType/>
</ATTR_JOBP>
<JOBP state="1">
<JobpStruct mode="design">
<task Alias="" BranchType="0" Col="1" Lnr="1" OType="&lt;START&gt;" Object="START" ParentAlias="" ParentObject="" Row="2" Text2="">
<checkpoint RollbackFlag="0" RunPerPatch="0" RunPerTarget="0" TcpADays="0" TcpATime="00:00" TcpATimeTZ="" TcpExecute="" TcpOn="0" promptatgen="0" showprompt="0"/>
<after ActFlg="1" AtimOn="0" ErlstStDays="0" ErlstStTime="00:00" ErlstStTimeTZ="" HoldFlg="0"/>
<when ChkWhenExec="0" LtstEnd="0" LtstEndDays="0" LtstEndTime="00:00" LtstSt="0" LtstStDays="0" LtstStTime="00:00" LtstTimeTZ="" WCTypeAND="1" WCTypeOR="0" WElseA="0" WElseH="0" WElseS="1" WElseX="0" WhenExecute="" WtimOn="0"/>
<preconditions>
<PreCon>
<conditions id="CONDITIONS"/>
</PreCon>
</preconditions>
<predecessors/>
<runtime MrtCancel="0" MrtDays="0" MrtErt="0" MrtExecute="0" MrtExecuteObj="" MrtFix="0" MrtMethodDate="0" MrtMethodErt="0" MrtMethodFix="0" MrtMethodNone="1" MrtOn="1" MrtTZ="" MrtTime="00:00" SrtErt="0" SrtFix="0" SrtMethodErt="0" SrtMethodFix="0" SrtMethodNone="1"/>
<result ChkRExec="0" RElseHalt="0" RElseIgn="0" RElseJPAbend="0" RExecFlag="0" RExecute="" RRepMTimes="0" RRepOn="0" RRepWait="0" RWhen=""/>
<dynvalues>
<dyntree>
<node content="1" id="PCK.PSL_AUTOMIC.SQLCMD.PRV.PROMPTSET.SQLCMD_CONNECTION" name="PCK.PSL_AUTOMIC.SQLCMD.PRV.PROMPTSET.SQLCMD_CONNECTION" parent="PPRPTS" type="PPROMPTSET">
<PROMPTSET name="PCK.PSL_AUTOMIC.SQLCMD.PRV.PROMPTSET.SQLCMD_CONNECTION">
<PRPTBOX promptset="PCK.PSL_AUTOMIC.SQLCMD.PRV.PROMPTSET.SQLCMD_CONNECTION">
<UC4RB_SQL_CMDs.00 ReadFromTable="OPSE" altview="0" haslist="0" msginsert="" msgnr="" promptname="UC4RB_SQL_CMD#" promptsetname="PCK.PSL_AUTOMIC.SQLCMD.PRV.PROMPTSET.SQLCMD_CONNECTION">sqlcmd</UC4RB_SQL_CMDs.00>
<UC4RB_SQL_LOGINIDs.00 ReadFromTable="OPUD" altview="0" haslist="0" msginsert="" msgnr="" promptname="UC4RB_SQL_LOGINID#" promptsetname="PCK.PSL_AUTOMIC.SQLCMD.PRV.PROMPTSET.SQLCMD_CONNECTION"/>
<UC4RB_SQL_PASSWORDs.00 ReadFromTable="OPUD" altview="0" haslist="0" msginsert="" msgnr="" promptname="UC4RB_SQL_PASSWORD#" promptsetname="PCK.PSL_AUTOMIC.SQLCMD.PRV.PROMPTSET.SQLCMD_CONNECTION">--10</UC4RB_SQL_PASSWORDs.00>
<UC4RB_SQL_SERVERs.00 ReadFromTable="OPUD" altview="0" haslist="0" msginsert="" msgnr="" promptname="UC4RB_SQL_SERVER#" promptsetname="PCK.PSL_AUTOMIC.SQLCMD.PRV.PROMPTSET.SQLCMD_CONNECTION"/>
</PRPTBOX>
</PROMPTSET>
</node>
<node content="1" id="PCK.PSL_AUTOMIC.SQLCMD.PRV.PROMPTSET.SQLCMD_EXECUTE_SQL_SCRIPT" name="PCK.PSL_AUTOMIC.SQLCMD.PRV.PROMPTSET.SQLCMD_EXECUTE_SQL_SCRIPT" parent="PPRPTS" type="PPROMPTSET">
<PROMPTSET name="PCK.PSL_AUTOMIC.SQLCMD.PRV.PROMPTSET.SQLCMD_EXECUTE_SQL_SCRIPT">
<PRPTBOX promptset="PCK.PSL_AUTOMIC.SQLCMD.PRV.PROMPTSET.SQLCMD_EXECUTE_SQL_SCRIPT">
<ELEMENT ReadFromTable="OPUD" altview="0" haslist="0" msginsert="" msgnr="" promptname="ELEMENT" promptsetname="PCK.PSL_AUTOMIC.SQLCMD.PRV.PROMPTSET.SQLCMD_EXECUTE_SQL_SCRIPT"/>
<UC4RB_SQL_SCRIPTs.00 ReadFromTable="OPSE" altview="0" haslist="0" msginsert="" msgnr="" promptname="UC4RB_SQL_SCRIPT#" promptsetname="PCK.PSL_AUTOMIC.SQLCMD.PRV.PROMPTSET.SQLCMD_EXECUTE_SQL_SCRIPT"/>
</PRPTBOX>
</PROMPTSET>
</node>
<node content="1" id="PCK.ITPA_SHARED.PRV.PROMPTSET.OVERWRITE_AGENT" name="PCK.ITPA_SHARED.PRV.PROMPTSET.OVERWRITE_AGENT" parent="PPRPTS" type="PPROMPTSET">
<PROMPTSET name="PCK.ITPA_SHARED.PRV.PROMPTSET.OVERWRITE_AGENT">
<PRPTBOX promptset="PCK.ITPA_SHARED.PRV.PROMPTSET.OVERWRITE_AGENT">
<AGENTs.00 ReadFromTable="OPUD" altview="0" haslist="0" msginsert="" msgnr="" promptname="AGENT#" promptsetname="PCK.ITPA_SHARED.PRV.PROMPTSET.OVERWRITE_AGENT"/>
<LOGINs.00 ReadFromTable="OPUD" altview="0" haslist="0" msginsert="" msgnr="" promptname="LOGIN#" promptsetname="PCK.ITPA_SHARED.PRV.PROMPTSET.OVERWRITE_AGENT"/>
</PRPTBOX>
</PROMPTSET>
</node>
</dyntree>
</dynvalues>
<CIT/>
<calendars CCTypeAll="0" CCTypeExt="0" CCTypeNone="0" CCTypeOne="1" CaleOn="0"/>
<postconditions>
<PostCon>
<conditions id="CONDITIONS"/>
</PostCon>
</postconditions>
</task>
<task Alias="" BranchType="0" Col="2" Lnr="2" OType="JOBS" Object="PCK.PSL_AUTOMIC.SQLCMD.PRV.JOB.SQLCMD_EXECUTE_SQL_SCRIPT@WINDOWS" ParentAlias="" ParentObject="" Row="1" Text2="">
<checkpoint RollbackFlag="0" RunPerPatch="0" RunPerTarget="0" TcpADays="0" TcpATime="00:00" TcpATimeTZ="" TcpExecute="" TcpOn="0" promptatgen="0" showprompt="0"/>
<after ActFlg="1" AtimOn="0" ErlstStDays="0" ErlstStTime="00:00" ErlstStTimeTZ="" HoldFlg="0"/>
<when ChkWhenExec="0" LtstEnd="0" LtstEndDays="0" LtstEndTime="00:00" LtstSt="0" LtstStDays="0" LtstStTime="00:00" LtstTimeTZ="" WCTypeAND="1" WCTypeOR="0" WElseA="1" WElseH="0" WElseS="0" WElseX="0" WhenExecute="" WtimOn="0"/>
<preconditions>
<PreCon>
<conditions id="CONDITIONS"/>
</PreCon>
</preconditions>
<predecessors>
<pre BranchType="0" Lnr="1" PreLnr="1" When="ANY_OK" type="container"/>
</predecessors>
<runtime MrtCancel="0" MrtDays="0" MrtErt="0" MrtExecute="0" MrtExecuteObj="" MrtFix="0" MrtMethodDate="0" MrtMethodErt="0" MrtMethodFix="0" MrtMethodNone="1" MrtOn="1" MrtTZ="" MrtTime="00:00" SrtErt="0" SrtFix="0" SrtMethodErt="0" SrtMethodFix="0" SrtMethodNone="1"/>
<result ChkRExec="0" RElseHalt="0" RElseIgn="0" RElseJPAbend="0" RExecFlag="0" RExecute="" RRepMTimes="0" RRepOn="0" RRepWait="0" RWhen=""/>
<dynvalues>
<dyntree>
<node content="1" id="VALUE" name="Variables" parent="" type="TASKVALUE">
<VALUE state="2">
<Values/>
<Mode>0</Mode>
</VALUE>
</node>
<node content="1" id="PVALUE" name="Parent Variables" parent="" type="TASKVALUE">
<VALUE state="2">
<Values/>
<Mode>0</Mode>
</VALUE>
</node>
<node content="1" id="PRPTS" name="PromptSets" parent="" pref="1" type="PROMPTSET"/>
<node content="0" id="PPRPTS" name="Parent PromptSets" parent="" type="PPROMPTSET"/>
<node content="1" id="PCK.PSL_AUTOMIC.SQLCMD.PRV.PROMPTSET.SQLCMD_CONNECTION" name="PCK.PSL_AUTOMIC.SQLCMD.PRV.PROMPTSET.SQLCMD_CONNECTION" parent="PPRPTS" type="PPROMPTSET">
<PROMPTSET name="PCK.PSL_AUTOMIC.SQLCMD.PRV.PROMPTSET.SQLCMD_CONNECTION">
<PRPTBOX promptset="PCK.PSL_AUTOMIC.SQLCMD.PRV.PROMPTSET.SQLCMD_CONNECTION">
<UC4RB_SQL_CMDs.00 ReadFromTable="OPSE" altview="0" haslist="0" msginsert="" msgnr="" promptname="UC4RB_SQL_CMD#" promptsetname="PCK.PSL_AUTOMIC.SQLCMD.PRV.PROMPTSET.SQLCMD_CONNECTION">sqlcmd</UC4RB_SQL_CMDs.00>
<UC4RB_SQL_LOGINIDs.00 ReadFromTable="OPUD" altview="0" haslist="0" msginsert="" msgnr="" promptname="UC4RB_SQL_LOGINID#" promptsetname="PCK.PSL_AUTOMIC.SQLCMD.PRV.PROMPTSET.SQLCMD_CONNECTION"/>
<UC4RB_SQL_PASSWORDs.00 ReadFromTable="OPUD" altview="0" haslist="0" msginsert="" msgnr="" promptname="UC4RB_SQL_PASSWORD#" promptsetname="PCK.PSL_AUTOMIC.SQLCMD.PRV.PROMPTSET.SQLCMD_CONNECTION">--10</UC4RB_SQL_PASSWORDs.00>
<UC4RB_SQL_SERVERs.00 ReadFromTable="OPUD" altview="0" haslist="0" msginsert="" msgnr="" promptname="UC4RB_SQL_SERVER#" promptsetname="PCK.PSL_AUTOMIC.SQLCMD.PRV.PROMPTSET.SQLCMD_CONNECTION"/>
</PRPTBOX>
</PROMPTSET>
</node>
<node content="1" id="PCK.PSL_AUTOMIC.SQLCMD.PRV.PROMPTSET.SQLCMD_EXECUTE_SQL_SCRIPT" name="PCK.PSL_AUTOMIC.SQLCMD.PRV.PROMPTSET.SQLCMD_EXECUTE_SQL_SCRIPT" parent="PPRPTS" type="PPROMPTSET">
<PROMPTSET name="PCK.PSL_AUTOMIC.SQLCMD.PRV.PROMPTSET.SQLCMD_EXECUTE_SQL_SCRIPT">
<PRPTBOX promptset="PCK.PSL_AUTOMIC.SQLCMD.PRV.PROMPTSET.SQLCMD_EXECUTE_SQL_SCRIPT">
<ELEMENT ReadFromTable="OPUD" altview="0" haslist="0" msginsert="" msgnr="" promptname="ELEMENT" promptsetname="PCK.PSL_AUTOMIC.SQLCMD.PRV.PROMPTSET.SQLCMD_EXECUTE_SQL_SCRIPT"/>
<UC4RB_SQL_SCRIPTs.00 ReadFromTable="OPSE" altview="0" haslist="0" msginsert="" msgnr="" promptname="UC4RB_SQL_SCRIPT#" promptsetname="PCK.PSL_AUTOMIC.SQLCMD.PRV.PROMPTSET.SQLCMD_EXECUTE_SQL_SCRIPT"/>
</PRPTBOX>
</PROMPTSET>
</node>
<node content="1" id="PCK.ITPA_SHARED.PRV.PROMPTSET.OVERWRITE_AGENT" name="PCK.ITPA_SHARED.PRV.PROMPTSET.OVERWRITE_AGENT" parent="PPRPTS" type="PPROMPTSET">
<PROMPTSET name="PCK.ITPA_SHARED.PRV.PROMPTSET.OVERWRITE_AGENT">
<PRPTBOX promptset="PCK.ITPA_SHARED.PRV.PROMPTSET.OVERWRITE_AGENT">
<AGENTs.00 ReadFromTable="OPUD" altview="0" haslist="0" msginsert="" msgnr="" promptname="AGENT#" promptsetname="PCK.ITPA_SHARED.PRV.PROMPTSET.OVERWRITE_AGENT"/>
<LOGINs.00 ReadFromTable="OPUD" altview="0" haslist="0" msginsert="" msgnr="" promptname="LOGIN#" promptsetname="PCK.ITPA_SHARED.PRV.PROMPTSET.OVERWRITE_AGENT"/>
</PRPTBOX>
</PROMPTSET>
</node>
</dyntree>
</dynvalues>
<CIT/>
<calendars CCTypeAll="0" CCTypeExt="0" CCTypeNone="0" CCTypeOne="1" CaleOn="0"/>
<postconditions>
<PostCon>
<conditions id="CONDITIONS"/>
</PostCon>
</postconditions>
</task>
<task Alias="" BranchType="0" Col="2" Lnr="3" OType="JOBS" Object="PCK.PSL_AUTOMIC.SQLCMD.PRV.JOB.SQLCMD_EXECUTE_SQL_SCRIPT@UNIX" ParentAlias="" ParentObject="" Row="3" Text2="">
<checkpoint RollbackFlag="0" RunPerPatch="0" RunPerTarget="0" TcpADays="0" TcpATime="00:00" TcpATimeTZ="" TcpExecute="" TcpOn="0" promptatgen="0" showprompt="0"/>
<after ActFlg="1" AtimOn="0" ErlstStDays="0" ErlstStTime="00:00" ErlstStTimeTZ="" HoldFlg="0"/>
<when ChkWhenExec="0" LtstEnd="0" LtstEndDays="0" LtstEndTime="00:00" LtstSt="0" LtstStDays="0" LtstStTime="00:00" LtstTimeTZ="" WCTypeAND="1" WCTypeOR="0" WElseA="1" WElseH="0" WElseS="0" WElseX="0" WhenExecute="" WtimOn="0"/>
<preconditions>
<PreCon>
<conditions id="CONDITIONS"/>
</PreCon>
</preconditions>
<predecessors>
<pre BranchType="0" Lnr="1" PreLnr="1" When="ANY_OK" type="container"/>
</predecessors>
<runtime MrtCancel="0" MrtDays="0" MrtErt="0" MrtExecute="0" MrtExecuteObj="" MrtFix="0" MrtMethodDate="0" MrtMethodErt="0" MrtMethodFix="0" MrtMethodNone="1" MrtOn="1" MrtTZ="" MrtTime="00:00" SrtErt="0" SrtFix="0" SrtMethodErt="0" SrtMethodFix="0" SrtMethodNone="1"/>
<result ChkRExec="0" RElseHalt="0" RElseIgn="0" RElseJPAbend="0" RExecFlag="0" RExecute="" RRepMTimes="0" RRepOn="0" RRepWait="0" RWhen=""/>
<dynvalues>
<dyntree>
<node content="1" id="VALUE" name="Variables" parent="" type="TASKVALUE">
<VALUE state="2">
<Values/>
<Mode>0</Mode>
</VALUE>
</node>
<node content="1" id="PVALUE" name="Parent Variables" parent="" type="TASKVALUE">
<VALUE state="2">
<Values/>
<Mode>0</Mode>
</VALUE>
</node>
<node content="1" id="PRPTS" name="PromptSets" parent="" pref="1" type="PROMPTSET"/>
<node content="0" id="PPRPTS" name="Parent PromptSets" parent="" type="PPROMPTSET"/>
<node content="1" id="PCK.PSL_AUTOMIC.SQLCMD.PRV.PROMPTSET.SQLCMD_CONNECTION" name="PCK.PSL_AUTOMIC.SQLCMD.PRV.PROMPTSET.SQLCMD_CONNECTION" parent="PPRPTS" type="PPROMPTSET">
<PROMPTSET name="PCK.PSL_AUTOMIC.SQLCMD.PRV.PROMPTSET.SQLCMD_CONNECTION">
<PRPTBOX promptset="PCK.PSL_AUTOMIC.SQLCMD.PRV.PROMPTSET.SQLCMD_CONNECTION">
<UC4RB_SQL_CMDs.00 ReadFromTable="OPSE" altview="0" haslist="0" msginsert="" msgnr="" promptname="UC4RB_SQL_CMD#" promptsetname="PCK.PSL_AUTOMIC.SQLCMD.PRV.PROMPTSET.SQLCMD_CONNECTION">sqlcmd</UC4RB_SQL_CMDs.00>
<UC4RB_SQL_LOGINIDs.00 ReadFromTable="OPUD" altview="0" haslist="0" msginsert="" msgnr="" promptname="UC4RB_SQL_LOGINID#" promptsetname="PCK.PSL_AUTOMIC.SQLCMD.PRV.PROMPTSET.SQLCMD_CONNECTION"/>
<UC4RB_SQL_PASSWORDs.00 ReadFromTable="OPUD" altview="0" haslist="0" msginsert="" msgnr="" promptname="UC4RB_SQL_PASSWORD#" promptsetname="PCK.PSL_AUTOMIC.SQLCMD.PRV.PROMPTSET.SQLCMD_CONNECTION">--10</UC4RB_SQL_PASSWORDs.00>
<UC4RB_SQL_SERVERs.00 ReadFromTable="OPUD" altview="0" haslist="0" msginsert="" msgnr="" promptname="UC4RB_SQL_SERVER#" promptsetname="PCK.PSL_AUTOMIC.SQLCMD.PRV.PROMPTSET.SQLCMD_CONNECTION"/>
</PRPTBOX>
</PROMPTSET>
</node>
<node content="1" id="PCK.PSL_AUTOMIC.SQLCMD.PRV.PROMPTSET.SQLCMD_EXECUTE_SQL_SCRIPT" name="PCK.PSL_AUTOMIC.SQLCMD.PRV.PROMPTSET.SQLCMD_EXECUTE_SQL_SCRIPT" parent="PPRPTS" type="PPROMPTSET">
<PROMPTSET name="PCK.PSL_AUTOMIC.SQLCMD.PRV.PROMPTSET.SQLCMD_EXECUTE_SQL_SCRIPT">
<PRPTBOX promptset="PCK.PSL_AUTOMIC.SQLCMD.PRV.PROMPTSET.SQLCMD_EXECUTE_SQL_SCRIPT">
<ELEMENT ReadFromTable="OPUD" altview="0" haslist="0" msginsert="" msgnr="" promptname="ELEMENT" promptsetname="PCK.PSL_AUTOMIC.SQLCMD.PRV.PROMPTSET.SQLCMD_EXECUTE_SQL_SCRIPT"/>
<UC4RB_SQL_SCRIPTs.00 ReadFromTable="OPSE" altview="0" haslist="0" msginsert="" msgnr="" promptname="UC4RB_SQL_SCRIPT#" promptsetname="PCK.PSL_AUTOMIC.SQLCMD.PRV.PROMPTSET.SQLCMD_EXECUTE_SQL_SCRIPT"/>
</PRPTBOX>
</PROMPTSET>
</node>
<node content="1" id="PCK.ITPA_SHARED.PRV.PROMPTSET.OVERWRITE_AGENT" name="PCK.ITPA_SHARED.PRV.PROMPTSET.OVERWRITE_AGENT" parent="PPRPTS" type="PPROMPTSET">
<PROMPTSET name="PCK.ITPA_SHARED.PRV.PROMPTSET.OVERWRITE_AGENT">
<PRPTBOX promptset="PCK.ITPA_SHARED.PRV.PROMPTSET.OVERWRITE_AGENT">
<AGENTs.00 ReadFromTable="OPUD" altview="0" haslist="0" msginsert="" msgnr="" promptname="AGENT#" promptsetname="PCK.ITPA_SHARED.PRV.PROMPTSET.OVERWRITE_AGENT"/>
<LOGINs.00 ReadFromTable="OPUD" altview="0" haslist="0" msginsert="" msgnr="" promptname="LOGIN#" promptsetname="PCK.ITPA_SHARED.PRV.PROMPTSET.OVERWRITE_AGENT"/>
</PRPTBOX>
</PROMPTSET>
</node>
</dyntree>
</dynvalues>
<CIT/>
<calendars CCTypeAll="0" CCTypeExt="0" CCTypeNone="0" CCTypeOne="1" CaleOn="0"/>
<postconditions>
<PostCon>
<conditions id="CONDITIONS"/>
</PostCon>
</postconditions>
</task>
<task Alias="" BranchType="0" Col="3" Lnr="4" OType="&lt;END&gt;" Object="END" ParentAlias="" ParentObject="" Row="2" Text2="">
<checkpoint RollbackFlag="0" RunPerPatch="0" RunPerTarget="0" TcpADays="0" TcpATime="00:00" TcpATimeTZ="" TcpExecute="" TcpOn="0" promptatgen="0" showprompt="0"/>
<after ActFlg="1" AtimOn="0" ErlstStDays="0" ErlstStTime="00:00" ErlstStTimeTZ="" HoldFlg="0"/>
<when ChkWhenExec="0" LtstEnd="0" LtstEndDays="0" LtstEndTime="00:00" LtstSt="0" LtstStDays="0" LtstStTime="00:00" LtstTimeTZ="" WCTypeAND="1" WCTypeOR="0" WElseA="1" WElseH="0" WElseS="0" WElseX="0" WhenExecute="" WtimOn="0"/>
<preconditions>
<PreCon>
<conditions id="CONDITIONS"/>
</PreCon>
</preconditions>
<predecessors>
<pre BranchType="0" Lnr="1" PreLnr="3" When="ANY_OK" type="container"/>
<pre BranchType="0" Lnr="2" PreLnr="2" When="ANY_OK" type="container"/>
</predecessors>
<runtime MrtCancel="0" MrtDays="0" MrtErt="0" MrtExecute="0" MrtExecuteObj="" MrtFix="0" MrtMethodDate="0" MrtMethodErt="0" MrtMethodFix="0" MrtMethodNone="1" MrtOn="1" MrtTZ="" MrtTime="00:00" SrtErt="0" SrtFix="0" SrtMethodErt="0" SrtMethodFix="0" SrtMethodNone="1"/>
<result ChkRExec="0" RElseHalt="0" RElseIgn="0" RElseJPAbend="0" RExecFlag="0" RExecute="" RRepMTimes="0" RRepOn="0" RRepWait="0" RWhen=""/>
<dynvalues>
<dyntree>
<node content="1" id="PCK.PSL_AUTOMIC.SQLCMD.PRV.PROMPTSET.SQLCMD_CONNECTION" name="PCK.PSL_AUTOMIC.SQLCMD.PRV.PROMPTSET.SQLCMD_CONNECTION" parent="PPRPTS" type="PPROMPTSET">
<PROMPTSET name="PCK.PSL_AUTOMIC.SQLCMD.PRV.PROMPTSET.SQLCMD_CONNECTION">
<PRPTBOX promptset="PCK.PSL_AUTOMIC.SQLCMD.PRV.PROMPTSET.SQLCMD_CONNECTION">
<UC4RB_SQL_CMDs.00 ReadFromTable="OPSE" altview="0" haslist="0" msginsert="" msgnr="" promptname="UC4RB_SQL_CMD#" promptsetname="PCK.PSL_AUTOMIC.SQLCMD.PRV.PROMPTSET.SQLCMD_CONNECTION">sqlcmd</UC4RB_SQL_CMDs.00>
<UC4RB_SQL_LOGINIDs.00 ReadFromTable="OPUD" altview="0" haslist="0" msginsert="" msgnr="" promptname="UC4RB_SQL_LOGINID#" promptsetname="PCK.PSL_AUTOMIC.SQLCMD.PRV.PROMPTSET.SQLCMD_CONNECTION"/>
<UC4RB_SQL_PASSWORDs.00 ReadFromTable="OPUD" altview="0" haslist="0" msginsert="" msgnr="" promptname="UC4RB_SQL_PASSWORD#" promptsetname="PCK.PSL_AUTOMIC.SQLCMD.PRV.PROMPTSET.SQLCMD_CONNECTION">--10</UC4RB_SQL_PASSWORDs.00>
<UC4RB_SQL_SERVERs.00 ReadFromTable="OPUD" altview="0" haslist="0" msginsert="" msgnr="" promptname="UC4RB_SQL_SERVER#" promptsetname="PCK.PSL_AUTOMIC.SQLCMD.PRV.PROMPTSET.SQLCMD_CONNECTION"/>
</PRPTBOX>
</PROMPTSET>
</node>
<node content="1" id="PCK.PSL_AUTOMIC.SQLCMD.PRV.PROMPTSET.SQLCMD_EXECUTE_SQL_SCRIPT" name="PCK.PSL_AUTOMIC.SQLCMD.PRV.PROMPTSET.SQLCMD_EXECUTE_SQL_SCRIPT" parent="PPRPTS" type="PPROMPTSET">
<PROMPTSET name="PCK.PSL_AUTOMIC.SQLCMD.PRV.PROMPTSET.SQLCMD_EXECUTE_SQL_SCRIPT">
<PRPTBOX promptset="PCK.PSL_AUTOMIC.SQLCMD.PRV.PROMPTSET.SQLCMD_EXECUTE_SQL_SCRIPT">
<ELEMENT ReadFromTable="OPUD" altview="0" haslist="0" msginsert="" msgnr="" promptname="ELEMENT" promptsetname="PCK.PSL_AUTOMIC.SQLCMD.PRV.PROMPTSET.SQLCMD_EXECUTE_SQL_SCRIPT"/>
<UC4RB_SQL_SCRIPTs.00 ReadFromTable="OPSE" altview="0" haslist="0" msginsert="" msgnr="" promptname="UC4RB_SQL_SCRIPT#" promptsetname="PCK.PSL_AUTOMIC.SQLCMD.PRV.PROMPTSET.SQLCMD_EXECUTE_SQL_SCRIPT"/>
</PRPTBOX>
</PROMPTSET>
</node>
<node content="1" id="PCK.ITPA_SHARED.PRV.PROMPTSET.OVERWRITE_AGENT" name="PCK.ITPA_SHARED.PRV.PROMPTSET.OVERWRITE_AGENT" parent="PPRPTS" type="PPROMPTSET">
<PROMPTSET name="PCK.ITPA_SHARED.PRV.PROMPTSET.OVERWRITE_AGENT">
<PRPTBOX promptset="PCK.ITPA_SHARED.PRV.PROMPTSET.OVERWRITE_AGENT">
<AGENTs.00 ReadFromTable="OPUD" altview="0" haslist="0" msginsert="" msgnr="" promptname="AGENT#" promptsetname="PCK.ITPA_SHARED.PRV.PROMPTSET.OVERWRITE_AGENT"/>
<LOGINs.00 ReadFromTable="OPUD" altview="0" haslist="0" msginsert="" msgnr="" promptname="LOGIN#" promptsetname="PCK.ITPA_SHARED.PRV.PROMPTSET.OVERWRITE_AGENT"/>
</PRPTBOX>
</PROMPTSET>
</node>
</dyntree>
</dynvalues>
<CIT/>
<calendars CCTypeAll="0" CCTypeExt="0" CCTypeNone="0" CCTypeOne="1" CaleOn="0"/>
<postconditions>
<PostCon>
<conditions id="CONDITIONS"/>
</PostCon>
</postconditions>
</task>
<OPTIONS/>
</JobpStruct>
</JOBP>
<RUNTIME state="1">
<MaxRetCode>0</MaxRetCode>
<MrcExecute/>
<MrcElseE>0</MrcElseE>
<FcstStatus>0| |</FcstStatus>
<Ert>1</Ert>
<ErtMethodDef>1</ErtMethodDef>
<ErtMethodFix>0</ErtMethodFix>
<ErtFix>0</ErtFix>
<ErtDynMethod>2|Average</ErtDynMethod>
<ErtMethodDyn>0</ErtMethodDyn>
<ErtCnt>0</ErtCnt>
<ErtCorr>0</ErtCorr>
<ErtIgn>0</ErtIgn>
<ErtIgnFlg>0</ErtIgnFlg>
<ErtMinCnt>0</ErtMinCnt>
<MrtMethodNone>1</MrtMethodNone>
<MrtMethodFix>0</MrtMethodFix>
<MrtFix>0</MrtFix>
<MrtMethodErt>0</MrtMethodErt>
<MrtErt>0</MrtErt>
<MrtMethodDate>0</MrtMethodDate>
<MrtDays>0</MrtDays>
<MrtTime>00:00</MrtTime>
<MrtTZ/>
<SrtMethodNone>1</SrtMethodNone>
<SrtMethodFix>0</SrtMethodFix>
<SrtFix>0</SrtFix>
<SrtMethodErt>0</SrtMethodErt>
<SrtErt>0</SrtErt>
<MrtCancel>0</MrtCancel>
<MrtExecute>0</MrtExecute>
<MrtExecuteObj/>
</RUNTIME>
<DYNVALUES state="1">
<dyntree>
<node content="1" id="VALUE" name="Variables" parent="" type="VALUE">
<VALUE state="1">
<Values/>
<Mode>0</Mode>
</VALUE>
</node>
<node content="1" id="PCK.PSL_AUTOMIC.SQLCMD.PRV.PROMPTSET.SQLCMD_CONNECTION" name="PCK.PSL_AUTOMIC.SQLCMD.PRV.PROMPTSET.SQLCMD_CONNECTION" parent="PRPTS" type="PROMPTSET">
<PROMPTSET name="PCK.PSL_AUTOMIC.SQLCMD.PRV.PROMPTSET.SQLCMD_CONNECTION" ontop="1">
<PRPTBOX promptset="PCK.PSL_AUTOMIC.SQLCMD.PRV.PROMPTSET.SQLCMD_CONNECTION" prptmode="1">
<UC4RB_SQL_SERVERs.00 altview="0" haslist="0"/>
<UC4RB_SQL_LOGINIDs.00 altview="0" haslist="0"/>
<UC4RB_SQL_PASSWORDs.00 altview="0" haslist="0">--10</UC4RB_SQL_PASSWORDs.00>
</PRPTBOX>
</PROMPTSET>
</node>
<node content="1" id="PCK.PSL_AUTOMIC.SQLCMD.PRV.PROMPTSET.SQLCMD_EXECUTE_SQL_SCRIPT" name="PCK.PSL_AUTOMIC.SQLCMD.PRV.PROMPTSET.SQLCMD_EXECUTE_SQL_SCRIPT" parent="PRPTS" type="PROMPTSET">
<PROMPTSET name="PCK.PSL_AUTOMIC.SQLCMD.PRV.PROMPTSET.SQLCMD_EXECUTE_SQL_SCRIPT" ontop="1">
<PRPTBOX promptset="PCK.PSL_AUTOMIC.SQLCMD.PRV.PROMPTSET.SQLCMD_EXECUTE_SQL_SCRIPT" prptmode="1"/>
</PROMPTSET>
</node>
<node content="1" id="PCK.ITPA_SHARED.PRV.PROMPTSET.OVERWRITE_AGENT" name="PCK.ITPA_SHARED.PRV.PROMPTSET.OVERWRITE_AGENT" parent="PRPTS" type="PROMPTSET">
<PROMPTSET name="PCK.ITPA_SHARED.PRV.PROMPTSET.OVERWRITE_AGENT" ontop="1">
<PRPTBOX promptset="PCK.ITPA_SHARED.PRV.PROMPTSET.OVERWRITE_AGENT" prptmode="1">
<AGENTs.00 altview="0" haslist="0"/>
<LOGINs.00 altview="0" haslist="0"/>
</PRPTBOX>
</PROMPTSET>
</node>
</dyntree>
</DYNVALUES>
<DEPLOYMENT state="1">
<DeploymentFlag>0</DeploymentFlag>
<WFTypeA>1</WFTypeA>
<WFTypeC>0</WFTypeC>
<AppName/>
<WFName/>
<ComponentName/>
</DEPLOYMENT>
<ROLLBACK state="1">
<RollbackFlag>0</RollbackFlag>
<CBackupObj/>
<CRollbackObj/>
<FBackupPath/>
<FDeleteBefore>0</FDeleteBefore>
<FInclSubDirs>0</FInclSubDirs>
</ROLLBACK>
<SCRIPT mode="1" state="1">
<MSCRI/>
</SCRIPT>
<DOCU_Docu state="1" type="text">
<DOC/>
</DOCU_Docu>
</JOBP>
<JOBS_UNIX AttrType="UNIX" name="PCK.PSL_AUTOMIC.SQLCMD.PRV.JOB.SQLCMD_EXECUTE_SQL_SCRIPT@UNIX">
<XHEADER state="1">
<Title/>
<ArchiveKey1/>
<ArchiveKey2/>
<Active>1</Active>
<OH_SubType/>
<CustomAttributes KeyListID="0" dataRequestID="0"/>
</XHEADER>
<OUTPUTREG state="1">
<FileReg/>
</OUTPUTREG>
<SYNCREF state="1">
<Syncs/>
</SYNCREF>
<ATTR_JOBS state="1">
<Queue>CLIENT_QUEUE</Queue>
<StartType/>
<HostDst>|&lt;UNIX&gt;|HOST</HostDst>
<HostATTR_Type>UNIX</HostATTR_Type>
<CodeName/>
<Login/>
<IntAccount/>
<ExtRepDef>1</ExtRepDef>
<ExtRepAll>0</ExtRepAll>
<ExtRepNone>0</ExtRepNone>
<AutoDeactNo>1</AutoDeactNo>
<AutoDeact1ErrorFree>0</AutoDeact1ErrorFree>
<AutoDeactErrorFree>0</AutoDeactErrorFree>
<DeactWhen/>
<DeactDelay>0</DeactDelay>
<AutoDeactAlways>0</AutoDeactAlways>
<AttDialog>0</AttDialog>
<ActAtRun>1</ActAtRun>
<Consumption>0</Consumption>
<UC4Priority>0</UC4Priority>
<MaxParallel2>0</MaxParallel2>
<MpElse1>1</MpElse1>
<MpElse2>0</MpElse2>
<TZ/>
</ATTR_JOBS>
<ATTR_UNIX state="1">
<OutputDb>1</OutputDb>
<OutputDbErr>0</OutputDbErr>
<OutputFile>0</OutputFile>
<ShellScript>1</ShellScript>
<Command>0</Command>
<Priority>0</Priority>
<Shell/>
<ShellOptions/>
<Com/>
</ATTR_UNIX>
<RUNTIME state="1">
<MaxRetCode>0</MaxRetCode>
<MrcExecute/>
<MrcElseE>0</MrcElseE>
<FcstStatus>0| |</FcstStatus>
<Ert>1</Ert>
<ErtMethodDef>1</ErtMethodDef>
<ErtMethodFix>0</ErtMethodFix>
<ErtFix>0</ErtFix>
<ErtDynMethod>2|Average</ErtDynMethod>
<ErtMethodDyn>0</ErtMethodDyn>
<ErtCnt>0</ErtCnt>
<ErtCorr>0</ErtCorr>
<ErtIgn>0</ErtIgn>
<ErtIgnFlg>0</ErtIgnFlg>
<ErtMinCnt>0</ErtMinCnt>
<MrtMethodNone>1</MrtMethodNone>
<MrtMethodFix>0</MrtMethodFix>
<MrtFix>0</MrtFix>
<MrtMethodErt>0</MrtMethodErt>
<MrtErt>0</MrtErt>
<MrtMethodDate>0</MrtMethodDate>
<MrtDays>0</MrtDays>
<MrtTime>00:00</MrtTime>
<MrtTZ/>
<SrtMethodNone>1</SrtMethodNone>
<SrtMethodFix>0</SrtMethodFix>
<SrtFix>0</SrtFix>
<SrtMethodErt>0</SrtMethodErt>
<SrtErt>0</SrtErt>
<MrtCancel>0</MrtCancel>
<MrtExecute>0</MrtExecute>
<MrtExecuteObj/>
</RUNTIME>
<DYNVALUES state="1">
<dyntree>
<node content="1" id="VALUE" name="Variables" parent="" type="VALUE">
<VALUE state="1">
<Values/>
<Mode>0</Mode>
</VALUE>
</node>
</dyntree>
</DYNVALUES>
<ROLLBACK state="1">
<RollbackFlag>0</RollbackFlag>
<CBackupObj/>
<CRollbackObj/>
<FBackupPath/>
<FDeleteBefore>0</FDeleteBefore>
<FInclSubDirs>0</FInclSubDirs>
</ROLLBACK>
<PRE_SCRIPT mode="1" replacementmode="1" state="1">
<PSCRI><![CDATA[:INCLUDE PCK.ITPA_SHARED.PRV.INCLUDE.PREPARE_JOB]]></PSCRI>
</PRE_SCRIPT>
<SCRIPT mode="1" state="1">
<MSCRI><![CDATA[if [ -f "&UC4RB_SQL_SCRIPT#" ]
then
	echo "&UC4RB_SQL_SCRIPT# exists."
else
	echo "&UC4RB_SQL_SCRIPT# not found."
    exit 1;
fi
:INC PCK.ITPA_SHARED.PRV.INCLUDE.CHECK_SHELL_CMD@UNIX

:IF &UC4RB_SQL_LOGINID# <> ""
:  SET &CREDENTIALS# = "-U &UC4RB_SQL_LOGINID#"
echo "Using &UC4RB_SQL_LOGINID# as login id"
:ENDIF

:IF &UC4RB_SQL_PASSWORD# <> ""
:  INC PCK.ITPA_SHARED.PUB.INCLUDE.ATTACH
:  SET &UC4RB_ENCRYPTED_PASSWORD_TMP# = &UC4RB_SQL_PASSWORD#
:  INC PCK.ITPA_SHARED.PRV.INCLUDE.DECRYPT_PASSWORD
:  SET &CREDENTIALS# = STR_CAT(&CREDENTIALS#, " -P $UC4_DECRYPTED_PWD")
:ENDIF

echo "Executing script: &UC4RB_SQL_SCRIPT#"
echo "---------------------------------------------------------------------"
cat << EOF

 _               ___ _   _                        _____ _   _       _
| |             |_  (_) (_)                      |  __ (_) (_)     | |
| |__  _   _      | |_   _ _ __ __ _  ___ _ __   | |  \/_   _ _ __ | |_ _ __   ___ _ __
| '_ \| | | |     | | | | | '__/ _  |/ _ \ '_ \  | | __| | | | '_ \| __| '_ \ / _ \ '__|
| |_) | |_| | /\__/ / |_| | | | (_| |  __/ | | | | |_\ \ |_| | | | | |_| | | |  __/ |
|_.__/ \__, | \____/ \__,_|_|  \__, |\___|_| |_|  \____/\__,_|_| |_|\__|_| |_|\___|_|
        __/ |                   __/ |
       |___/                   |___/

EOF

&UC4RB_SQL_CMD# -S &UC4RB_SQL_SERVER# &CREDENTIALS# -i &UC4RB_SQL_SCRIPT# -b
:INC PCK.ITPA_SHARED.PRV.INCLUDE.CHECK_SHELL_CMD@UNIX]]></MSCRI>
</SCRIPT>
<OUTPUTSCAN state="1">
<Inherit>N</Inherit>
<filterobjects/>
<HostFsc/>
<LoginFsc/>
</OUTPUTSCAN>
<POST_SCRIPT mode="1" replacementmode="1" state="1">
<OSCRI/>
</POST_SCRIPT>
<DOCU_Docu state="1" type="text">
<DOC/>
</DOCU_Docu>
</JOBS_UNIX>
<JOBS_WINDOWS AttrType="WINDOWS" name="PCK.PSL_AUTOMIC.SQLCMD.PRV.JOB.SQLCMD_EXECUTE_SQL_SCRIPT@WINDOWS">
<XHEADER state="1">
<Title/>
<ArchiveKey1/>
<ArchiveKey2/>
<Active>1</Active>
<OH_SubType/>
<CustomAttributes KeyListID="0" dataRequestID="0"/>
</XHEADER>
<OUTPUTREG state="1">
<FileReg/>
</OUTPUTREG>
<SYNCREF state="1">
<Syncs/>
</SYNCREF>
<ATTR_JOBS state="1">
<Queue>CLIENT_QUEUE</Queue>
<StartType/>
<HostDst>|&lt;WIN&gt;|HOST</HostDst>
<HostATTR_Type>WINDOWS</HostATTR_Type>
<CodeName/>
<Login/>
<IntAccount/>
<ExtRepDef>1</ExtRepDef>
<ExtRepAll>0</ExtRepAll>
<ExtRepNone>0</ExtRepNone>
<AutoDeactNo>1</AutoDeactNo>
<AutoDeact1ErrorFree>0</AutoDeact1ErrorFree>
<AutoDeactErrorFree>0</AutoDeactErrorFree>
<DeactWhen/>
<DeactDelay>0</DeactDelay>
<AutoDeactAlways>0</AutoDeactAlways>
<AttDialog>0</AttDialog>
<ActAtRun>1</ActAtRun>
<Consumption>0</Consumption>
<UC4Priority>0</UC4Priority>
<MaxParallel2>0</MaxParallel2>
<MpElse1>1</MpElse1>
<MpElse2>0</MpElse2>
<TZ/>
</ATTR_JOBS>
<ATTR_WINDOWS state="1">
<OutputDb>1</OutputDb>
<OutputDbErr>0</OutputDbErr>
<OutputFile>0</OutputFile>
<IsGenerated>0</IsGenerated>
<BAT>0</BAT>
<COM>0</COM>
<WinBatch>1</WinBatch>
<Standard>1</Standard>
<Minimized>0</Minimized>
<Maximized>0</Maximized>
<JObjDefault>1</JObjDefault>
<JObjYes>0</JObjYes>
<JObjNo>0</JObjNo>
<WorkingDirectory>c:\</WorkingDirectory>
<Command/>
<LogOn>0</LogOn>
<ShowJob>0</ShowJob>
</ATTR_WINDOWS>
<RUNTIME state="1">
<MaxRetCode>0</MaxRetCode>
<MrcExecute/>
<MrcElseE>0</MrcElseE>
<FcstStatus>0| |</FcstStatus>
<Ert>1</Ert>
<ErtMethodDef>1</ErtMethodDef>
<ErtMethodFix>0</ErtMethodFix>
<ErtFix>0</ErtFix>
<ErtDynMethod>2|Average</ErtDynMethod>
<ErtMethodDyn>0</ErtMethodDyn>
<ErtCnt>0</ErtCnt>
<ErtCorr>0</ErtCorr>
<ErtIgn>0</ErtIgn>
<ErtIgnFlg>0</ErtIgnFlg>
<ErtMinCnt>0</ErtMinCnt>
<MrtMethodNone>1</MrtMethodNone>
<MrtMethodFix>0</MrtMethodFix>
<MrtFix>0</MrtFix>
<MrtMethodErt>0</MrtMethodErt>
<MrtErt>0</MrtErt>
<MrtMethodDate>0</MrtMethodDate>
<MrtDays>0</MrtDays>
<MrtTime>00:00</MrtTime>
<MrtTZ/>
<SrtMethodNone>1</SrtMethodNone>
<SrtMethodFix>0</SrtMethodFix>
<SrtFix>0</SrtFix>
<SrtMethodErt>0</SrtMethodErt>
<SrtErt>0</SrtErt>
<MrtCancel>0</MrtCancel>
<MrtExecute>0</MrtExecute>
<MrtExecuteObj/>
</RUNTIME>
<DYNVALUES state="1">
<dyntree>
<node content="1" id="VALUE" name="Variables" parent="" type="VALUE">
<VALUE state="1">
<Values/>
<Mode>0</Mode>
</VALUE>
</node>
</dyntree>
</DYNVALUES>
<ROLLBACK state="1">
<RollbackFlag>0</RollbackFlag>
<CBackupObj/>
<CRollbackObj/>
<FBackupPath/>
<FDeleteBefore>0</FDeleteBefore>
<FInclSubDirs>0</FInclSubDirs>
</ROLLBACK>
<PRE_SCRIPT mode="1" replacementmode="1" state="1">
<PSCRI><![CDATA[:INCLUDE PCK.ITPA_SHARED.PRV.INCLUDE.PREPARE_JOB]]></PSCRI>
</PRE_SCRIPT>
<SCRIPT mode="1" state="1">
<MSCRI><![CDATA[if (!(Test-Path &UC4RB_SQL_SCRIPT#)) {
  return 1;
}
:INC PCK.ITPA_SHARED.PRV.INCLUDE.CHECK_POWERSHELL_CMD@WINDOWS

:IF &UC4RB_SQL_LOGINID# <> ""
:  SET &CREDENTIALS# = "-U &UC4RB_SQL_LOGINID#"
echo "Using &UC4RB_SQL_LOGINID# as login id"
:ENDIF

:IF &UC4RB_SQL_PASSWORD# <> ""
:  INC PCK.ITPA_SHARED.PUB.INCLUDE.ATTACH
:  SET &UC4RB_ENCRYPTED_PASSWORD_TMP# = &UC4RB_SQL_PASSWORD#
:  INC PCK.ITPA_SHARED.PRV.INCLUDE.DECRYPT_PASSWORD
:  SET &CREDENTIALS# = STR_CAT(&CREDENTIALS#, " -P $UC4_DECRYPTED_PWD")
:ENDIF

echo "Executing script: &UC4RB_SQL_SCRIPT#"
echo "---------------------------------------------------------------------"

&UC4RB_SQL_CMD# -S &UC4RB_SQL_SERVER# &CREDENTIALS# -i &UC4RB_SQL_SCRIPT# -b
:INC PCK.ITPA_SHARED.PRV.INCLUDE.CHECK_POWERSHELL_CMD@WINDOWS]]></MSCRI>
</SCRIPT>
<OUTPUTSCAN state="1">
<Inherit>N</Inherit>
<filterobjects/>
<HostFsc/>
<LoginFsc/>
</OUTPUTSCAN>
<POST_SCRIPT mode="1" replacementmode="1" state="1">
<OSCRI/>
</POST_SCRIPT>
<DOCU_Docu state="1" type="text">
<DOC/>
</DOCU_Docu>
</JOBS_WINDOWS>
<PRPT name="PCK.PSL_AUTOMIC.SQLCMD.PRV.PROMPTSET.SQLCMD_EXECUTE_SQL_SCRIPT">
<HEADER state="1">
<Title>Input</Title>
<ArchiveKey1/>
<ArchiveKey2/>
<OH_SubType/>
</HEADER>
<PROMPTDESIGNER state="1">
<DESIGNER/>
</PROMPTDESIGNER>
<PROMPTSETXUI state="1">
<XUIEDITOR><![CDATA[<dialog height="424" icon="PRPT" id="PRPTS" left="279" top="4" width="441"><readpanel fill="b" id="PRPTBOX" nl="1" scroll="v" text="Promptset"><properties><entry name="text">Promptset</entry><entry name="modifiable">0</entry></properties><text enabled="1" fill="b" focus="0" id="UC4RB_SQL_SCRIPTs.00" inputassistance="0" len="" multiline="0" multilineIcon="0" nl="1" separator=";" showaspassword="0" text="Path to sql script" tooltip="" upper="0" required="0" alt="1" regex=""><oninputassistant><command request="_internal" target="_view" targetaction="setAttribute" targetparam="promptname|@id"/><command request="_internal" target="_view" targetaction="setAttribute" targetparam="promptvalue|@value"/><command owner="_promptsetcontainer" owneraction="getData" request="getpromptinputassistance" target="_chainwindow"/></oninputassistant><properties><entry listparam="C" name="reference" reftype="STATIC">UC_DATATYPE_STRING</entry><entry name="text">Path to sql script</entry><entry name="multiselect">0</entry><entry name="separator">;</entry><entry name="len"/><entry name="quotes"/><entry name="id">UC4RB_SQL_SCRIPTs.00</entry><entry name="inputassistance">0</entry><entry name="enabled">0</entry><entry name="upper">0</entry><entry name="focus">0</entry><entry name="showaspassword">0</entry><entry name="tooltip"/><entry name="customfield"/><entry name="xmlkey"/><entry name="xmlpath"/><entry name="modifiable">1</entry><entry name="multiline">0</entry><entry name="multilineIcon">0</entry><entry name="required">1</entry><entry name="regex"/><entry name="initvalue"/><entry name="onchangereset"/><entry name="resetable">1</entry></properties></text></readpanel></dialog>]]></XUIEDITOR>
</PROMPTSETXUI>
<PROMPTSETDATA state="1">
<DATAEDITOR><![CDATA[<PRPTS ontop="1"><PRPTBOX><UC4RB_SQL_SCRIPTs.00 haslist="0" msgnr="-1" msginsert="" altview="0" promptname="UC4RB_SQL_SCRIPT#" ReadFromTable="OPSE"></UC4RB_SQL_SCRIPTs.00></PRPTBOX></PRPTS>]]></DATAEDITOR>
</PROMPTSETDATA>
<DOCU_Docu state="1" type="text">
<DOC/>
</DOCU_Docu>
</PRPT>
<PRPT name="PCK.PSL_AUTOMIC.SQLCMD.PRV.PROMPTSET.SQLCMD_CONNECTION">
<HEADER state="1">
<Title>sqlcmd Connection</Title>
<ArchiveKey1/>
<ArchiveKey2/>
<OH_SubType/>
</HEADER>
<PROMPTDESIGNER state="1">
<DESIGNER/>
</PROMPTDESIGNER>
<PROMPTSETXUI state="1">
<XUIEDITOR><![CDATA[<dialog height="424" icon="PRPT" id="PRPTS" left="279" top="4" width="441"><readpanel fill="b" id="PRPTBOX" nl="1" scroll="v" text="Promptset"><properties><entry name="text">Promptset</entry><entry name="modifiable">0</entry></properties><text enabled="1" fill="b" focus="0" id="UC4RB_SQL_SERVERs.00" inputassistance="0" len="" multiline="0" multilineIcon="0" nl="1" separator=";" showaspassword="0" text="Server" tooltip="" upper="0" required="0" alt="1" regex=""><oninputassistant><command request="_internal" target="_view" targetaction="setAttribute" targetparam="promptname|@id"/><command request="_internal" target="_view" targetaction="setAttribute" targetparam="promptvalue|@value"/><command owner="_promptsetcontainer" owneraction="getData" request="getpromptinputassistance" target="_chainwindow"/></oninputassistant><properties><entry listparam="C" name="reference" reftype="STATIC">UC_DATATYPE_STRING</entry><entry name="text">Server</entry><entry name="multiselect">0</entry><entry name="separator">;</entry><entry name="len"/><entry name="quotes"/><entry name="id">UC4RB_SQL_SERVERs.00</entry><entry name="inputassistance">0</entry><entry name="enabled">0</entry><entry name="upper">0</entry><entry name="focus">0</entry><entry name="showaspassword">0</entry><entry name="tooltip"/><entry name="customfield"/><entry name="xmlkey"/><entry name="xmlpath"/><entry name="modifiable">1</entry><entry name="multiline">0</entry><entry name="multilineIcon">0</entry><entry name="required">1</entry><entry name="regex"/><entry name="initvalue"/><entry name="onchangereset"/><entry name="resetable">1</entry></properties></text><text enabled="1" fill="b" focus="0" id="UC4RB_SQL_LOGINIDs.00" inputassistance="0" len="" multiline="0" multilineIcon="0" nl="1" separator=";" showaspassword="0" text="Login ID" tooltip="Username" upper="0" alt="1" regex="" required="0"><oninputassistant><command request="_internal" target="_view" targetaction="setAttribute" targetparam="promptname|@id"/><command request="_internal" target="_view" targetaction="setAttribute" targetparam="promptvalue|@value"/><command owner="_promptsetcontainer" owneraction="getData" request="getpromptinputassistance" target="_chainwindow"/></oninputassistant><properties><entry listparam="C" name="reference" reftype="STATIC">UC_DATATYPE_STRING</entry><entry name="text">Login ID</entry><entry name="multiselect">0</entry><entry name="separator">;</entry><entry name="len"/><entry name="quotes"/><entry name="id">UC4RB_SQL_LOGINIDs.00</entry><entry name="inputassistance">0</entry><entry name="enabled">0</entry><entry name="upper">0</entry><entry name="focus">0</entry><entry name="showaspassword">0</entry><entry name="tooltip">Username</entry><entry name="customfield"/><entry name="xmlkey"/><entry name="xmlpath"/><entry name="modifiable">1</entry><entry name="multiline">0</entry><entry name="multilineIcon">0</entry><entry name="regex"/><entry name="required">0</entry><entry name="initvalue"/><entry name="onchangereset"/><entry name="resetable">1</entry></properties></text><text enabled="1" fill="b" focus="0" id="UC4RB_SQL_PASSWORDs.00" inputassistance="0" len="" multiline="0" multilineIcon="0" nl="1" separator=";" showaspassword="1" text="Password" tooltip="" upper="0" alt="1" regex="" required="0"><oninputassistant><command request="_internal" target="_view" targetaction="setAttribute" targetparam="promptname|@id"/><command request="_internal" target="_view" targetaction="setAttribute" targetparam="promptvalue|@value"/><command owner="_promptsetcontainer" owneraction="getData" request="getpromptinputassistance" target="_chainwindow"/></oninputassistant><properties><entry listparam="C" name="reference" reftype="STATIC">UC_DATATYPE_STRING</entry><entry name="text">Password</entry><entry name="multiselect">0</entry><entry name="separator">;</entry><entry name="len"/><entry name="quotes"/><entry name="id">UC4RB_SQL_PASSWORDs.00</entry><entry name="inputassistance">0</entry><entry name="enabled">0</entry><entry name="upper">0</entry><entry name="focus">0</entry><entry name="showaspassword">1</entry><entry name="tooltip"/><entry name="customfield"/><entry name="xmlkey"/><entry name="xmlpath"/><entry name="modifiable">1</entry><entry name="multiline">0</entry><entry name="multilineIcon">0</entry><entry name="regex"/><entry name="required">0</entry><entry name="initvalue"/><entry name="onchangereset"/><entry name="resetable">1</entry></properties></text><text enabled="1" fill="b" focus="0" id="UC4RB_SQL_CMDs.00" inputassistance="0" len="" multiline="0" multilineIcon="0" nl="1" separator=";" showaspassword="0" text="Path to sqlcmd" tooltip="" upper="0" required="0" alt="1" regex=""><oninputassistant><command request="_internal" target="_view" targetaction="setAttribute" targetparam="promptname|@id"/><command request="_internal" target="_view" targetaction="setAttribute" targetparam="promptvalue|@value"/><command owner="_promptsetcontainer" owneraction="getData" request="getpromptinputassistance" target="_chainwindow"/></oninputassistant><properties><entry listparam="C" name="reference" reftype="STATIC">UC_DATATYPE_STRING</entry><entry name="text">Path to sqlcmd</entry><entry name="multiselect">0</entry><entry name="separator">;</entry><entry name="len"/><entry name="quotes"/><entry name="id">UC4RB_SQL_CMDs.00</entry><entry name="inputassistance">0</entry><entry name="enabled">0</entry><entry name="upper">0</entry><entry name="focus">0</entry><entry name="showaspassword">0</entry><entry name="tooltip"/><entry name="customfield"/><entry name="xmlkey"/><entry name="xmlpath"/><entry name="modifiable">1</entry><entry name="multiline">0</entry><entry name="multilineIcon">0</entry><entry name="required">1</entry><entry name="regex"/><entry name="initvalue"/><entry name="onchangereset"/><entry name="resetable">1</entry></properties></text></readpanel></dialog>]]></XUIEDITOR>
</PROMPTSETXUI>
<PROMPTSETDATA state="1">
<DATAEDITOR><![CDATA[<PRPTS ontop="1"><PRPTBOX><UC4RB_SQL_SERVERs.00 haslist="0" msgnr="-1" msginsert="" altview="0" promptname="UC4RB_SQL_SERVER#" ReadFromTable="OPSE"></UC4RB_SQL_SERVERs.00><UC4RB_SQL_LOGINIDs.00 haslist="0" msgnr="-1" msginsert="" altview="0" promptname="UC4RB_SQL_LOGINID#" ReadFromTable="OPSE"></UC4RB_SQL_LOGINIDs.00><UC4RB_SQL_PASSWORDs.00 haslist="0" msgnr="-1" msginsert="" altview="0" promptname="UC4RB_SQL_PASSWORD#" ReadFromTable="OPSE">--10</UC4RB_SQL_PASSWORDs.00><UC4RB_SQL_CMDs.00 haslist="0" msgnr="-1" msginsert="" altview="0" promptname="UC4RB_SQL_CMD#" ReadFromTable="OPSE">sqlcmd</UC4RB_SQL_CMDs.00></PRPTBOX></PRPTS>]]></DATAEDITOR>
</PROMPTSETDATA>
<DOCU_Docu state="1" type="text">
<DOC/>
</DOCU_Docu>
</PRPT>
</uc-export>